step,tokens,loss_tokens,loss,ppl,val_loss,val_ppl,grad_norm,tok_per_s,lr,alloc_mb,peak_mb,reserved_mb,gpu_used_mb,gpu_total_mb,recon_err
50,3276800,3263956,7.7725,2374.37,,,0.82,22511,5.00e-05,343,3039,3733,3967,15636,
100,6553600,6527916,5.6492,284.06,,,0.47,22774,1.00e-04,343,3039,3733,3967,15636,
150,9830400,9791893,4.7793,119.02,,,0.34,22721,1.50e-04,343,3039,3733,3967,15636,
200,13107200,13055859,4.2778,72.08,,,0.24,22644,2.00e-04,343,3039,3733,3967,15636,
250,16384000,16319833,4.0195,55.67,,,0.33,22679,2.50e-04,343,3039,3733,3967,15636,
300,19660800,19583795,3.8092,45.11,,,0.38,22616,3.00e-04,343,3039,3733,3967,15636,
350,22937600,22847767,3.6303,37.73,,,0.30,22665,2.92e-04,343,3039,3733,3967,15636,
400,26214400,26111729,3.4242,30.70,,,0.43,22647,2.70e-04,343,3039,3733,3967,15636,
450,29491200,29375704,3.2857,26.73,,,0.51,22650,2.36e-04,343,3039,3733,3967,15636,
500,32768000,32639678,3.1275,22.82,3.1511,23.36,0.32,22659,1.94e-04,343,3039,3733,3967,15636,2.88e-05
550,36044800,35903652,3.0658,21.45,,,0.35,22673,1.48e-04,343,3039,4257,4491,15636,
600,39321600,39167618,2.9773,19.64,,,0.35,22698,1.04e-04,343,3039,4257,4491,15636,
650,42598400,42431581,2.9391,18.90,,,0.26,22750,6.78e-05,343,3039,4257,4491,15636,
700,45875200,45695555,2.9494,19.09,,,0.26,22714,4.21e-05,343,3039,4257,4491,15636,
750,49152000,48959518,2.9463,19.04,,,0.26,22678,3.05e-05,343,3039,4257,4491,15636,
763,50003968,49808154,2.9060,18.28,2.9251,18.64,0.27,22537,3.00e-05,343,3039,4257,4491,15636,3.12e-05
