step,tokens,loss_tokens,loss,ppl,val_loss,val_ppl,grad_norm,tok_per_s,lr,alloc_mb,peak_mb,reserved_mb,gpu_used_mb,gpu_total_mb
50,3072000,3059971,7.0560,1159.80,6.9962,1092.50,1.56,36889,5.00e-05,186,14049,14644,14878,15636
100,6144000,6119944,5.3629,213.34,5.3512,210.86,0.45,37207,1.00e-04,186,14049,14644,14878,15636
150,9216000,9179912,4.5450,94.16,4.5292,92.68,0.26,37450,1.50e-04,186,14049,14644,14878,15636
200,12288000,12239880,4.1470,63.24,4.1378,62.66,0.27,37571,2.00e-04,186,14049,14644,14878,15636
250,15360000,15299850,3.9377,51.30,3.9065,49.73,0.23,37227,2.50e-04,186,14049,14644,14878,15636
300,18432000,18359824,3.6961,40.29,3.7158,41.09,0.34,37238,3.00e-04,186,14049,14644,14878,15636
350,21504000,21419789,3.4649,31.97,3.4736,32.25,0.40,37309,2.95e-04,186,14049,14644,14878,15636
400,24576000,24479761,3.2591,26.03,3.2435,25.62,0.41,37385,2.82e-04,186,14049,14644,14878,15636
450,27648000,27539734,3.0997,22.19,3.0647,21.43,0.31,37319,2.60e-04,186,14049,14644,14878,15636
500,30720000,30599698,2.8899,17.99,2.9204,18.55,0.44,37498,2.31e-04,186,14049,14644,14878,15636
550,33792000,33659677,2.8090,16.59,2.8107,16.62,0.42,37205,1.99e-04,186,14049,14644,14878,15636
600,36864000,36719646,2.7322,15.37,2.7373,15.45,0.46,37430,1.63e-04,186,14049,14644,14878,15636
650,39936000,39779621,2.7000,14.88,2.6771,14.54,0.47,37336,1.28e-04,186,14049,14644,14878,15636
700,43008000,42839587,2.6061,13.55,2.6311,13.89,0.42,37468,9.55e-05,186,14049,14644,14878,15636
750,46080000,45899554,2.5906,13.34,2.5942,13.39,0.37,37264,6.77e-05,186,14049,14644,14878,15636
800,49152000,48959524,2.5697,13.06,2.5668,13.02,0.37,37329,4.66e-05,186,14049,14644,14878,15636
850,52224000,52019494,2.5189,12.42,2.5489,12.79,0.34,37286,3.38e-05,186,14049,14644,14878,15636
895,54988800,54773466,2.5666,13.02,2.5532,12.85,0.35,37501,3.00e-05,186,14049,14644,14878,15636
