step,loss,tok_per_s,lr,mem_mb
50,6.6352,38235,1.50e-04,1169
100,5.1779,33480,3.00e-04,1169
150,4.3523,38741,2.99e-04,1169
200,4.2876,33191,2.97e-04,1169
250,3.9268,34152,2.92e-04,1169
300,3.8718,34070,2.87e-04,1169
350,3.6714,30193,2.79e-04,1169
400,3.6240,29053,2.71e-04,1169
450,3.5025,30915,2.60e-04,1169
500,3.4373,35337,2.49e-04,1169
550,3.2702,26951,2.37e-04,1169
600,3.2694,27841,2.24e-04,1169
650,3.1558,24166,2.10e-04,1169
700,3.1337,26729,1.95e-04,1169
750,3.1140,29287,1.80e-04,1169
800,3.0561,27987,1.65e-04,1169
850,3.0131,29562,1.50e-04,1169
900,2.9344,28455,1.35e-04,1169
950,2.8994,24888,1.20e-04,1169
1000,2.9023,27509,1.06e-04,1169
1050,2.8741,25224,9.32e-05,1169
1100,2.8754,28006,8.08e-05,1169
1150,2.8322,27289,6.95e-05,1169
1200,2.8313,30120,5.95e-05,1169
1250,2.9722,32923,5.07e-05,1169
1300,2.7689,29627,4.34e-05,1169
1350,2.8159,36531,3.76e-05,1169
1400,2.8204,36149,3.34e-05,1169
1450,2.8702,40153,3.08e-05,1169
1500,2.7590,37188,3.00e-05,1169
