step,tokens,loss_tokens,loss,ppl,val_loss,val_ppl,aux_loss,load_min,load_max,grad_norm,tok_per_s,lr,alloc_mb,peak_mb,reserved_mb,gpu_used_mb,gpu_total_mb
50,1638400,1631988,7.0207,1119.54,6.9813,1076.27,1.0408,0.34,1.56,1.58,22205,5.00e-05,477,11779,13491,13737,15636
100,3276800,3263970,5.3201,204.41,5.2829,196.94,1.0574,0.48,1.71,0.43,23078,1.00e-04,476,11768,15064,15310,15636
150,4915200,4895954,4.4739,87.70,4.4821,88.42,1.1194,0.43,1.87,0.48,23247,1.50e-04,476,11773,15064,15310,15636
200,6553600,6527940,4.0930,59.92,4.1144,61.21,1.1031,0.46,1.76,0.32,23054,2.00e-04,477,11781,15064,15310,15636
250,8192000,8159925,3.9154,50.17,3.8928,49.05,1.0866,0.57,1.72,0.30,23031,2.50e-04,476,11779,15064,15310,15636
300,9830400,9791905,3.7512,42.57,3.7231,41.39,1.0790,0.63,1.69,0.32,23043,3.00e-04,476,11772,15064,15310,15636
350,11468800,11423888,3.5141,33.59,3.4984,33.06,1.0874,0.57,1.66,0.37,23048,2.99e-04,477,11773,15064,15310,15636
400,13107200,13055873,3.3114,27.42,3.2792,26.55,1.0793,0.64,1.64,0.37,23137,2.97e-04,476,11772,15064,15310,15636
450,14745600,14687855,3.0738,21.62,3.0678,21.49,1.0776,0.62,1.61,0.36,23032,2.92e-04,476,11771,15064,15310,15636
500,16384000,16319842,2.8898,17.99,2.9089,18.34,1.0624,0.64,1.52,0.35,23083,2.86e-04,477,11763,15064,15310,15636
550,18022400,17951828,2.7568,15.75,2.7634,15.85,1.0599,0.66,1.53,0.32,23058,2.79e-04,476,11770,15064,15310,15636
600,19660800,19583810,2.7072,14.99,2.6779,14.55,1.0596,0.67,1.50,0.35,23015,2.70e-04,476,11770,15064,15310,15636
650,21299200,21215789,2.5776,13.16,2.5915,13.35,1.0551,0.65,1.47,0.32,23018,2.59e-04,477,11771,15064,15310,15636
700,22937600,22847776,2.4869,12.02,2.5009,12.19,1.0491,0.64,1.44,0.36,23098,2.48e-04,476,11769,15064,15310,15636
750,24576000,24479761,2.4864,12.02,2.4429,11.51,1.0505,0.61,1.46,0.35,23102,2.35e-04,476,11769,15064,15310,15636
800,26214400,26111750,2.4025,11.05,2.3791,10.79,1.0476,0.66,1.44,0.35,23041,2.21e-04,477,11766,15064,15310,15636
850,27852800,27743731,2.3539,10.53,2.3280,10.26,1.0473,0.63,1.44,0.33,23105,2.07e-04,476,11772,15064,15310,15636
900,29491200,29375710,2.2864,9.84,2.2990,9.96,1.0441,0.63,1.42,0.39,23049,1.92e-04,476,11766,15064,15310,15636
950,31129600,31007692,2.2651,9.63,2.2637,9.62,1.0440,0.65,1.41,0.32,23087,1.77e-04,477,11767,15064,15310,15636
1000,32768000,32639682,2.2587,9.57,2.2129,9.14,1.0425,0.63,1.40,0.33,23118,1.62e-04,476,11764,15064,15310,15636
1050,34406400,34271668,2.1789,8.84,2.1908,8.94,1.0398,0.64,1.38,0.35,23021,1.46e-04,476,11765,15064,15310,15636
1100,36044800,35903651,2.1363,8.47,2.1612,8.68,1.0367,0.62,1.37,0.34,23129,1.31e-04,477,11770,15064,15310,15636
1150,37683200,37535641,2.1896,8.93,2.1252,8.37,1.0386,0.65,1.37,0.36,23001,1.17e-04,476,11769,15064,15310,15636
1200,39321600,39167625,2.1165,8.30,2.1164,8.30,1.0387,0.61,1.37,0.34,23034,1.03e-04,476,11770,15064,15310,15636
1250,40960000,40799613,2.0779,7.99,2.0898,8.08,1.0386,0.64,1.40,0.35,23124,8.93e-05,477,11770,15064,15310,15636
1300,42598400,42431594,2.0623,7.86,2.0576,7.83,1.0348,0.64,1.36,0.35,22927,7.71e-05,476,11767,15064,15310,15636
1350,44236800,44063571,2.0328,7.64,2.0697,7.92,1.0368,0.64,1.36,0.38,23124,6.60e-05,476,11768,15064,15310,15636
1400,45875200,45695557,2.0224,7.56,2.0481,7.75,1.0371,0.62,1.36,0.35,23089,5.62e-05,477,11769,15064,15310,15636
1450,47513600,47327545,2.0663,7.90,2.0248,7.57,1.0389,0.62,1.38,0.37,22977,4.78e-05,476,11769,15064,15310,15636
1500,49152000,48959524,2.0174,7.52,2.0203,7.54,1.0358,0.63,1.36,0.34,23055,4.10e-05,476,11769,15064,15310,15636
1550,50790400,50591512,2.0597,7.84,2.0125,7.48,1.0371,0.63,1.36,0.35,23094,3.57e-05,477,11764,15064,15310,15636
1600,52428800,52223492,2.0480,7.75,2.0063,7.44,1.0354,0.64,1.34,0.36,23005,3.21e-05,476,11765,15064,15310,15636
1650,54067200,53855472,2.0063,7.44,2.0200,7.54,1.0343,0.61,1.35,0.37,23028,3.03e-05,476,11767,15064,15310,15636
1678,54984704,54769386,2.0327,7.63,2.0156,7.51,1.0347,0.62,1.34,0.36,23049,3.00e-05,476,11766,15064,15310,15636
